,periods_fast,periods_slow,end_value,return_ave,max_draw_downs,win_trades,loss_trades,total_trades,win_ratio,ave_win_value,ave_loss_value,ave_win_loss_ratio,return_rank,max_draw_downs_rank,win_ratio_rank,ave_win_loss_ratio_rank,rank
16,19,48,9627,-0.0005480115183928525,27.815940440272286,7,23,30,0.23333333333333334,558.2394718012728,-186.1345458255389,-2.999118026830453,131.0,218.0,8.0,10.0,91.75
131,15,49,10099,0.00010079421129848486,25.974432254409287,7,23,30,0.23333333333333334,647.0057667344607,-192.60821803712696,-3.359180482162732,211.0,180.0,8.0,4.0,100.75
116,16,35,9327,-0.0007637662589358268,29.502198663214802,9,27,36,0.25,547.2062993680134,-207.33199453355283,-2.639275721043904,113.0,257.0,18.0,42.0,107.5
228,12,39,10065,-2.6147446303225905e-05,27.338097753380133,10,29,39,0.2564102564102564,541.0749749584954,-184.33556299899018,-2.9352717736916536,191.0,207.0,20.0,14.0,108.0
201,13,37,10072,-1.812420137017274e-05,24.739814221287833,11,28,39,0.28205128205128205,463.2382570917791,-179.39893874371228,-2.5821683246050697,193.0,154.0,65.0,53.0,116.25
170,14,39,8735,-0.0014772258096942465,33.84774985019293,9,30,39,0.23076923076923078,509.84824529935094,-195.13269942578492,-2.612828330667676,56.0,356.0,6.0,48.0,116.5
417,6,24,10354,0.00011852324817186106,21.20997050218686,16,38,54,0.2962962962962963,371.4640918222797,-147.07755792899505,-2.5256340739734897,214.0,91.0,101.0,65.0,117.75
172,14,37,9211,-0.0009002684523528324,31.67963575508905,10,30,40,0.25,483.2034710174171,-187.37399554127674,-2.5788182059178637,101.0,299.0,18.0,55.0,118.25
29,19,35,8416,-0.0019221357526333913,37.41088288931024,9,34,43,0.20930232558139536,490.84278473396705,-176.53626958506612,-2.780407594924558,24.0,429.0,1.0,24.0,119.5
132,15,48,10612,0.0006394032151505188,24.557558242309735,8,22,30,0.26666666666666666,593.0224342151191,-187.82243930707298,-3.157356684339405,296.0,150.0,28.0,6.0,120.0
50,18,43,8676,-0.0016207903902231932,33.355139671027246,8,25,33,0.24242424242424243,529.2470987718976,-222.34387074884174,-2.380308919645156,43.0,338.0,10.0,104.0,123.75
171,14,38,9166,-0.0009541736615422819,31.760900691408036,10,29,39,0.2564102564102564,485.54553066822854,-196.21401328205823,-2.4745711203116536,98.0,303.0,20.0,75.0,124.0
87,17,35,8365,-0.0019473917311729815,33.86236961060637,9,29,38,0.23684210526315788,497.3267780671323,-210.73593350128724,-2.359952428635501,21.0,357.0,9.0,116.0,125.75
21,19,43,8427,-0.0019369671247540144,35.284888217940484,8,27,35,0.22857142857142856,515.4943085070846,-211.0107868986426,-2.4429760965476057,22.0,394.0,3.0,85.0,126.0
133,15,47,10795,0.000825719118812471,21.126433958225817,9,22,31,0.2903225806451613,494.9412998998821,-166.3143413990717,-2.9759387899824534,320.0,89.0,85.0,12.0,126.5
45,18,48,9912,-0.0001726771445401039,28.26349333387043,8,21,29,0.27586206896551724,511.7624779252473,-199.16205094712654,-2.569578268006036,176.0,228.0,47.0,57.0,127.0
30,19,34,8482,-0.0018370776869206888,37.34072672706873,9,31,40,0.225,500.45933951331426,-194.2797037843855,-2.575973350611711,31.0,426.0,2.0,56.0,128.75
303,10,22,10754,0.0005477251836167162,19.803054647215415,16,37,53,0.3018867924528302,395.82834656933846,-150.77214777311877,-2.625341300867977,279.0,74.0,123.0,45.0,130.25
58,18,35,8418,-0.0019196749023797988,35.564115285045006,9,30,39,0.23076923076923078,474.9913723438055,-195.25550059923668,-2.4326657681144086,25.0,403.0,6.0,90.0,131.0
238,12,29,10988,0.0010609512135299622,22.104808147867356,12,31,43,0.27906976744186046,470.30322260221124,-150.17397723183308,-3.131722494611529,355.0,107.0,59.0,7.0,132.0
117,16,34,9484,-0.000582623164055482,28.543111283678808,10,26,36,0.2777777777777778,489.2017065154447,-208.01490863465236,-2.3517627160784693,124.0,233.0,56.0,120.0,133.25
246,12,21,11344,0.0011815104143979432,16.968289246518026,18,42,60,0.3,402.5833846709456,-140.53550900966042,-2.8646381794032707,372.0,24.0,121.0,19.0,134.0
379,7,33,9911,-5.028088923304996e-05,30.634697835664326,13,35,48,0.2708333333333333,430.66006625536653,-162.5117583280116,-2.650024039405985,187.0,275.0,37.0,37.0,134.0
380,7,32,10151,0.00025999332478433926,28.716742012864117,13,35,48,0.2708333333333333,458.9176606916142,-166.12308680385928,-2.762515852076936,236.0,239.0,37.0,25.0,134.25
161,14,48,10658,0.0006865868824121108,20.648538401537582,9,21,30,0.3,493.43057839450546,-180.12491868325154,-2.739379881482139,304.0,86.0,121.0,27.0,134.5
425,5,45,9911,-1.4834570946937861e-06,30.71958981711327,11,30,41,0.2682926829268293,520.8771569708723,-193.97731070498176,-2.685247852327788,197.0,278.0,31.0,33.0,134.75
111,16,40,8247,-0.0021019180733706706,37.42203978422386,9,30,39,0.23076923076923078,489.7531028820338,-205.37507987281882,-2.3846763842298673,12.0,430.0,6.0,103.0,137.75
44,18,49,10008,-6.74101153669883e-05,28.126872547671596,8,20,28,0.2857142857142857,516.3415832280509,-206.12895534327117,-2.5049444527003772,184.0,224.0,75.0,69.0,138.0
217,13,21,11858,0.0018528133300211552,15.360715933576582,19,44,63,0.30158730158730157,408.83871754028155,-134.30562229731848,-3.0440923510649216,414.0,12.0,122.0,8.0,139.0
200,13,38,9037,-0.0011975286921943437,32.86187560477619,10,28,38,0.2631578947368421,475.56670027795064,-204.24728808633904,-2.328386852690646,78.0,327.0,25.0,137.0,141.75
431,5,39,9628,-0.00031636100917645157,31.546507820243647,12,32,44,0.2727272727272727,457.5685461327926,-183.23326262874153,-2.4971915009770695,156.0,297.0,43.0,71.0,141.75
134,15,46,11034,0.0010631995964982804,20.26435096435381,9,21,30,0.3,493.0075162205568,-162.0501180787453,-3.0423150693477976,356.0,82.0,121.0,9.0,142.0
386,7,26,10663,0.000794850400179754,18.371675814885215,15,34,49,0.30612244897959184,405.3128081713548,-159.29550058806905,-2.5444083899109953,316.0,43.0,149.0,61.0,142.25
135,15,45,10795,0.0008259755151645618,22.309935609578883,9,21,30,0.3,508.0550058667902,-179.84210528026523,-2.825005885440672,321.0,111.0,121.0,21.0,143.5
88,17,34,8846,-0.001339497029760267,32.04936066692617,10,28,38,0.2631578947368421,482.41369483496936,-213.51458345877367,-2.2593945903845762,67.0,309.0,25.0,174.0,143.75
173,14,36,10412,0.00043224953150777996,25.06590100635645,11,26,37,0.2972972972972973,476.5272500227462,-185.75712873549224,-2.5653241588445006,253.0,160.0,104.0,59.0,144.0
381,7,31,10128,0.00023552535333883672,29.91619631939417,13,34,47,0.2765957446808511,464.08217975501833,-173.65508608303458,-2.6724364383610033,234.0,262.0,49.0,34.0,144.75
160,14,49,10957,0.0009878180049830967,21.61529722944566,9,21,30,0.3,518.9613487583601,-176.8044909473008,-2.935227187826605,346.0,99.0,121.0,15.0,145.25
434,5,36,9669,-0.0002705494316940036,31.35912350626208,13,34,47,0.2765957446808511,435.1425174364261,-176.142142910488,-2.4704054932359774,163.0,293.0,49.0,78.0,145.75
239,12,28,10814,0.0008511588673048718,25.174910637232944,13,32,45,0.28888888888888886,442.1884185630905,-154.1846079239146,-2.867915445757705,326.0,164.0,76.0,18.0,146.0
199,13,39,8919,-0.0013402065608230725,33.07726718863122,10,28,38,0.2631578947368421,474.01236903200487,-207.90090013254144,-2.2799919034973466,66.0,332.0,25.0,161.0,146.0
107,16,44,10198,0.00016638531602530484,25.48513460942024,9,21,30,0.3,515.7360537580653,-211.59632898834693,-2.437358229340869,221.0,171.0,121.0,87.0,150.0
198,13,40,8562,-0.001694704875983341,35.355078276757574,9,27,36,0.25,536.2561420149198,-232.02514455433663,-2.3111983963847376,41.0,396.0,18.0,146.0,150.25
426,5,44,9602,-0.00034507867767794134,31.55702128874465,12,31,43,0.27906976744186046,474.2926640116713,-196.43728945384836,-2.4144736741702153,151.0,298.0,59.0,94.0,150.5
59,18,34,8396,-0.0019482835685126238,36.446703702354675,10,31,41,0.24390243902439024,443.8583891534202,-194.95005250080828,-2.2767800442196853,20.0,418.0,13.0,163.0,153.5
430,5,40,9471,-0.0004946289627930041,33.58554498321011,12,32,44,0.2727272727272727,466.3515580991182,-191.4208673544685,-2.4362629035398724,137.0,347.0,43.0,89.0,154.0
304,10,21,10987,0.0007802747681104077,17.415576468934713,18,38,56,0.32142857142857145,406.30393566919213,-166.47936863370919,-2.440566293611728,313.0,32.0,197.0,86.0,157.0
227,12,40,9011,-0.0012295946970091358,34.91791750287137,9,25,34,0.2647058823529412,557.8331026795106,-240.41498998581798,-2.320292518833443,74.0,385.0,27.0,142.0,157.0
240,12,27,12463,0.0023936699732509193,21.39619256178326,13,31,44,0.29545454545454547,558.1509522098632,-154.59622087072555,-3.6103790187510016,435.0,94.0,100.0,2.0,157.75
115,16,36,9100,-0.001031909126636861,30.73204877387378,10,26,36,0.2777777777777778,475.558845299355,-217.53720184677155,-2.1861035320033593,89.0,279.0,56.0,207.0,157.75
405,6,36,10327,0.0004469825936088347,27.114680960087576,14,33,47,0.2978723404255319,426.1594198101266,-170.86245596100392,-2.4941665353762055,255.0,202.0,107.0,72.0,159.0
409,6,32,10027,0.00012678054580134745,30.771649596910265,14,35,49,0.2857142857142857,429.42404901491733,-170.97056639937867,-2.5116840755607273,216.0,281.0,75.0,67.0,159.75
144,15,36,10664,0.0006929566559941987,23.66751092600999,11,25,36,0.3055555555555556,488.2942510867471,-188.25472691539255,-2.5937954339186478,305.0,136.0,148.0,50.0,159.75
343,8,40,9391,-0.0006364258602783697,32.83987144333062,10,26,36,0.2777777777777778,506.2366474319632,-218.15304148526485,-2.3205573664493557,120.0,326.0,56.0,141.0,160.75
264,11,32,11174,0.0012435353820537246,23.19533392344936,12,28,40,0.3,486.3181381718409,-166.4798425777938,-2.921183313496894,378.0,130.0,121.0,16.0,161.25
56,18,37,8342,-0.002017645382401006,37.24952814149546,9,28,37,0.24324324324324326,460.63142464608853,-207.28399070772227,-2.2222238344281737,17.0,424.0,12.0,192.0,161.25
433,5,37,9610,-0.0003369599051247256,32.60836336087729,13,33,46,0.2826086956521739,440.05608573549057,-185.1999539228202,-2.376113365119294,154.0,319.0,66.0,110.0,162.25
377,7,35,10203,0.0002666371758319857,28.667787164780638,13,31,44,0.29545454545454547,439.95984803549607,-177.922415612213,-2.472762335884654,237.0,238.0,100.0,76.0,162.75
89,17,33,8661,-0.001569017493842188,33.19305319094555,11,30,41,0.2682926829268293,408.0439072448906,-194.25271582138546,-2.1005827667299397,49.0,333.0,31.0,242.0,163.75
354,8,29,11334,0.00140896168110749,18.406227254213892,14,30,44,0.3181818181818182,453.03388564539125,-166.9283124197644,-2.7139427642817995,390.0,44.0,193.0,29.0,164.0
28,19,36,8399,-0.0019732320957739414,35.992759960100045,10,30,40,0.25,422.4147956251812,-194.18508048032768,-2.1753205476976634,19.0,409.0,18.0,210.0,164.0
27,19,37,8303,-0.0020982988669267697,38.09726782849384,9,28,37,0.24324324324324326,463.17460261524076,-209.50205350394958,-2.2108356212675924,14.0,437.0,12.0,198.0,165.25
378,7,34,10167,0.00022784911999884638,29.11592670004283,13,31,44,0.29545454545454547,439.10859856190575,-178.73794572492653,-2.4567172727702906,232.0,249.0,100.0,81.0,165.5
237,12,30,10563,0.0006320757736436545,23.89112270265582,13,29,42,0.30952380952380953,410.6658226191961,-164.6733278402018,-2.4938211184855885,293.0,139.0,158.0,73.0,165.75
424,5,46,9713,-0.00022120907241529115,33.262806019974064,11,28,39,0.28205128205128205,527.324384166538,-217.4486582825316,-2.4250523702077027,170.0,335.0,65.0,93.0,165.75
141,15,39,9195,-0.000918711686583336,33.796246175703274,11,29,40,0.275,449.4827057243576,-198.2561530927905,-2.2671816168751375,100.0,355.0,46.0,170.0,167.75
1,20,34,8225,-0.0022002946278722275,38.91675710810582,10,30,40,0.25,486.8846319737976,-221.46251868877656,-2.1984967698214493,9.0,445.0,18.0,201.0,168.25
256,11,40,10612,0.0006827815508043594,26.20157670290148,10,23,33,0.30303030303030304,565.4334058413008,-219.2092818916886,-2.5794227368560136,303.0,183.0,135.0,54.0,168.75
272,11,24,11887,0.001879517426061654,15.014685872892677,17,35,52,0.3269230769230769,396.6238367992038,-138.712785639531,-2.859317077157537,416.0,3.0,237.0,20.0,169.0
422,5,48,9591,-0.00035791847120320025,33.739420573274714,11,28,39,0.28205128205128205,524.097863541719,-220.5162936975161,-2.3766854355924742,150.0,353.0,65.0,109.0,169.25
383,7,29,10101,0.00020582133497353813,28.82188150707657,14,33,47,0.2978723404255319,461.66337602672075,-192.79193129770874,-2.3946198003163395,228.0,243.0,107.0,100.0,169.5
344,8,39,9615,-0.0003423135564408012,31.367721093099853,11,27,38,0.2894736842105263,487.5456896434684,-212.89986385775683,-2.290023491838438,152.0,294.0,81.0,155.0,170.5
439,5,31,9156,-0.0008187189608896344,32.638525563681945,14,36,50,0.28,374.9914882951334,-169.29900016780903,-2.2149657583532223,106.0,321.0,60.0,197.0,171.0
273,11,23,12468,0.002398478075472919,15.014685872892693,17,35,52,0.3269230769230769,411.5330402603142,-129.34479343584735,-3.181674571728525,436.0,7.0,237.0,5.0,171.25
423,5,47,9815,-0.00010720750728063833,32.41652124147015,11,27,38,0.2894736842105263,523.625822110293,-220.20301095262496,-2.377923080365814,182.0,316.0,81.0,107.0,171.5
440,5,30,9041,-0.000955559459807906,34.06751312629559,14,37,51,0.27450980392156865,381.84231662021017,-170.41107796225398,-2.2407129934638883,97.0,363.0,44.0,183.0,171.75
245,12,22,12355,0.0021096686073750646,15.014685872892693,18,37,55,0.32727272727272727,443.0047603030304,-151.8606606651193,-2.9171791981067265,425.0,7.0,239.0,17.0,172.0
370,7,42,9989,3.498537196968715e-05,31.355630708310983,10,24,34,0.29411764705882354,576.7579743706302,-240.78585361482791,-2.3953150308125606,203.0,292.0,97.0,99.0,172.75
225,12,42,9070,-0.0011581788582052494,34.79629609405155,9,24,33,0.2727272727272727,520.2480947491674,-233.8631645628011,-2.2245833187186737,81.0,378.0,43.0,190.0,173.0
142,15,38,9045,-0.0010976914572714581,33.264080879614426,10,26,36,0.2777777777777778,474.18181199749034,-219.1192800867266,-2.1640350945376006,84.0,336.0,56.0,217.0,173.25
385,7,27,10716,0.0008482916890056422,19.99004163447081,15,32,47,0.3191489361702128,411.1004229219724,-170.32197755152893,-2.4136663326234498,325.0,79.0,196.0,95.0,173.75
392,6,49,10558,0.0006375164855387798,30.01182771082037,10,24,34,0.29411764705882354,606.1913868103773,-229.3273786343611,-2.6433450311089413,295.0,264.0,97.0,40.0,174.0
224,12,43,9049,-0.001183139770360757,34.82143232228856,9,24,33,0.2727272727272727,518.8304748037333,-234.1983645220797,-2.2153462764887033,79.0,379.0,43.0,196.0,174.25
229,12,38,10536,0.00047193326451669854,24.94307384317878,12,26,38,0.3157894736842105,462.1873413133028,-192.66483014971072,-2.3989191019147547,259.0,157.0,185.0,98.0,174.75
15,19,49,10097,-2.888451915955435e-05,26.593052964519817,9,20,29,0.3103448275862069,448.57368531037105,-196.98314846126578,-2.2772185784134593,190.0,189.0,159.0,162.0,175.0
257,11,39,10761,0.0008346896671574089,26.46163940486806,11,25,36,0.3055555555555556,513.6214229303628,-195.51832233445577,-2.6269733536878266,323.0,187.0,148.0,44.0,175.5
357,8,26,11170,0.0009269489533052731,19.533164241995866,16,33,49,0.32653061224489793,413.76883875165777,-165.1496520174582,-2.505417563386193,334.0,70.0,234.0,68.0,176.5
297,10,28,10370,0.00048000991544160364,26.318328211588344,13,29,42,0.30952380952380953,418.40680423643914,-174.79212011252724,-2.393739511638615,262.0,186.0,158.0,101.0,176.75
241,12,26,13208,0.002835922803229156,17.665818850346874,14,29,43,0.32558139534883723,519.8816215592194,-140.3233757217338,-3.7048825178647564,444.0,33.0,231.0,1.0,177.25
395,6,46,9513,-0.0004963103908524623,32.6005408973962,11,27,38,0.2894736842105263,509.5222942299279,-225.64912371788608,-2.2580291287412635,136.0,318.0,81.0,175.0,177.5
436,5,34,9954,4.5248271200756674e-05,30.048605757794277,14,33,47,0.2978723404255319,390.12652749612454,-166.93159359075787,-2.337044289246657,205.0,266.0,107.0,132.0,177.5
136,15,44,9268,-0.0008332776601560868,30.617424945578744,9,22,31,0.2903225806451613,473.69966996297285,-227.08453682950812,-2.0860058398367296,104.0,274.0,85.0,249.0,178.0
197,13,41,8951,-0.0012116564690903143,34.86014229313462,9,24,33,0.2727272727272727,511.3133236643198,-235.4637469885657,-2.1715161259586577,76.0,381.0,43.0,213.0,178.25
427,5,43,9333,-0.0006547091902917963,35.11286315494517,12,31,43,0.27906976744186046,466.9106532029714,-202.27852239233556,-2.3082561988334107,119.0,389.0,59.0,147.0,178.5
421,5,49,9908,-4.803722970041631e-06,30.647911891009297,11,26,37,0.2972972972972973,499.93894873477035,-215.07791621791515,-2.324455051109182,196.0,276.0,104.0,138.0,178.5
247,11,49,9905,-0.00020091606026737094,30.03111928890468,9,21,30,0.3,531.4027078648743,-232.2925905305101,-2.287643814429277,173.0,265.0,121.0,156.0,178.75
140,15,40,8758,-0.0014484554829853867,34.888759215815014,10,27,37,0.2702702702702703,441.6563501805861,-209.5949296053475,-2.1071900499319995,57.0,383.0,35.0,240.0,178.75
364,7,48,10460,0.0005368095073303398,28.297654554331746,10,23,33,0.30303030303030304,599.1505337634252,-240.47033197371752,-2.491577771136067,277.0,229.0,135.0,74.0,178.75
296,10,29,10839,0.0009604956621451684,25.793863235573507,13,29,42,0.30952380952380953,443.3523354020709,-169.81254182557535,-2.6108338679569654,341.0,176.0,158.0,49.0,181.0
438,5,32,9322,-0.0006227453938286665,33.35634411546706,14,35,49,0.2857142857142857,380.77577773376873,-171.6909790431631,-2.217797229975849,122.0,339.0,75.0,194.0,182.5
17,19,47,9234,-0.0010006287630926424,31.175450757067885,9,22,31,0.2903225806451613,459.36907068897926,-222.74395190199965,-2.062318939600601,93.0,288.0,85.0,266.0,183.0
190,13,48,11332,0.0013527001041710306,18.732210474395117,10,20,30,0.3333333333333333,492.4664145553552,-179.62139614448043,-2.741691274681077,387.0,57.0,266.0,26.0,184.0
401,6,40,10092,0.00019687716465136872,29.910043435650667,13,30,43,0.3023255813953488,442.466119334762,-188.64048244112348,-2.345552309922977,226.0,261.0,125.0,124.0,184.0
314,9,40,9427,-0.0005567912998459741,33.75841555424386,10,25,35,0.2857142857142857,519.0522126422759,-230.54693194462624,-2.2513950121311703,129.0,354.0,75.0,179.0,184.25
305,9,49,10530,0.0005984178290642402,27.025276608681843,10,22,32,0.3125,530.2435772883152,-216.90750236684826,-2.4445607989691953,283.0,199.0,171.0,84.0,184.25
342,8,41,9698,-0.0002488968958000312,31.96604863932343,10,24,34,0.29411764705882354,525.6124532567584,-231.6012576103468,-2.2694714989029343,167.0,307.0,97.0,167.0,184.5
230,12,37,10415,0.00034573769369483626,26.078028410387173,12,26,38,0.3157894736842105,474.1427011776506,-202.86063652859505,-2.3372829213755124,241.0,181.0,185.0,131.0,184.5
114,16,37,8531,-0.001734424578832253,35.24522144724444,10,27,37,0.2702702702702703,459.9451700089986,-224.7907151002935,-2.046103949639502,39.0,393.0,35.0,272.0,184.75
298,10,27,12046,0.001834680250051833,20.47952882231054,15,31,46,0.32608695652173914,457.87593598449047,-155.5339162332385,-2.943897685298814,410.0,83.0,233.0,13.0,184.75
233,12,34,10591,0.0005285249312114555,26.107177421234873,12,26,38,0.3157894736842105,492.6927386084728,-204.62874222826116,-2.407739661806059,275.0,182.0,185.0,97.0,184.75
333,9,21,10855,0.0006080942101224573,21.71940395023878,18,37,55,0.32727272727272727,361.03547119099807,-152.504412314815,-2.3673772169011884,286.0,101.0,239.0,114.0,185.0
243,12,24,12177,0.0019525217173072484,15.014462954702887,17,32,49,0.3469387755102041,390.59132615891224,-139.4422603596482,-2.801097207916041,420.0,2.0,297.0,22.0,185.25
399,6,42,10011,5.972899027581451e-05,31.055027195144973,12,28,40,0.3,468.7740868584347,-200.49305126566955,-2.3381064026866,208.0,286.0,121.0,129.0,186.0
90,17,32,9818,-0.00020687312450464568,24.16406784427022,12,26,38,0.3157894736842105,405.79670845873073,-194.3215012256026,-2.0882748738525363,172.0,144.0,185.0,247.0,187.0
49,18,44,8890,-0.0013554004442714346,33.38506598588255,9,23,32,0.28125,474.3554643505179,-233.8867452306997,-2.0281417139848017,64.0,341.0,62.0,282.0,187.25
80,17,42,8482,-0.0018367230811554892,37.79020057179683,9,25,34,0.2647058823529412,489.92218704194937,-237.1023897436042,-2.0662895366501255,32.0,433.0,27.0,261.0,188.25
382,7,30,10428,0.0005529133949517195,29.236962538162366,14,32,46,0.30434782608695654,457.52553780549727,-186.76387429739347,-2.4497539447963925,282.0,253.0,137.0,82.0,188.5
402,6,39,10240,0.0003546158595440785,27.8723522051844,13,29,42,0.30952380952380953,436.333888834442,-187.30898594486413,-2.329487219384554,242.0,219.0,158.0,136.0,188.75
294,10,31,10921,0.0010433703662384884,24.75139465646091,13,28,41,0.3170731707317073,439.9349575293069,-171.3278628924745,-2.5677957461327257,353.0,155.0,189.0,58.0,188.75
356,8,27,11084,0.001119094585296962,17.373586541262906,16,32,48,0.3333333333333333,384.97483012937533,-158.5988480381943,-2.4273494725299924,368.0,31.0,266.0,92.0,189.25
84,17,38,8368,-0.0019846218137925557,38.89027788365296,10,28,38,0.2631578947368421,444.9071160191299,-217.21278418208658,-2.048254745660689,18.0,444.0,25.0,271.0,189.5
146,15,34,11396,0.0014141752236595975,19.814911996409624,13,26,39,0.3333333333333333,407.9177566615216,-150.24696831881442,-2.714981614776721,391.0,75.0,266.0,28.0,190.0
274,11,22,12669,0.002347671512088608,15.014685872892692,18,33,51,0.35294117647058826,382.60775847893535,-127.78716261422693,-2.9941016816687536,431.0,6.0,313.0,11.0,190.25
268,11,28,11446,0.0014688091073539584,21.876856329687424,15,31,46,0.32608695652173914,416.5870153615833,-154.90143161491582,-2.6893684003981098,395.0,103.0,233.0,31.0,190.5
340,8,43,10196,0.0002957722133405407,30.85559394285912,10,23,33,0.30303030303030304,586.9073017859178,-246.65435874823382,-2.3794726546267464,239.0,283.0,135.0,105.0,190.5
332,9,22,11034,0.000785399812459016,19.391992563180363,18,36,54,0.3333333333333333,367.3008182989746,-154.91398307573544,-2.370998479326466,315.0,69.0,266.0,112.0,190.5
285,10,40,9518,-0.0005006780701492424,35.651700108703245,10,25,35,0.2857142857142857,555.280299708609,-241.4029845058576,-2.3002213532912443,135.0,404.0,75.0,152.0,191.5
337,8,46,9809,-0.0001253777489206504,33.73787238469444,10,24,34,0.29411764705882354,568.5819805242971,-244.8872764448095,-2.321811033953163,179.0,352.0,97.0,139.0,191.75
267,11,29,11087,0.001206613598250844,25.131149587250786,13,28,41,0.3170731707317073,449.5521536390509,-169.89055196701247,-2.6461280420487427,377.0,163.0,189.0,39.0,192.0
313,9,41,9701,-0.00024578014785086433,33.519861689896956,10,24,34,0.29411764705882354,549.7414790744707,-241.53913822366053,-2.2759933777913077,168.0,344.0,97.0,164.0,193.25
429,5,41,9605,-0.000342138516437085,33.98656974766337,12,29,41,0.2926829268292683,477.6950193393234,-211.30298642067672,-2.2607111590382107,153.0,361.0,88.0,173.0,193.75
236,12,31,11000,0.0010734213290168606,23.099851146680013,12,25,37,0.32432432432432434,479.3152234860535,-190.03695197504868,-2.5222211706962456,360.0,126.0,223.0,66.0,193.75
393,6,48,9929,-3.08744255963309e-05,29.422430083646244,11,25,36,0.3055555555555556,524.5844053602837,-233.6819551159381,-2.2448648424736874,189.0,256.0,148.0,182.0,193.75
445,5,25,9406,-0.0005257957422364265,27.418792425446146,16,36,52,0.3076923076923077,342.0384519116453,-168.53953463074544,-2.0294256339381738,132.0,209.0,154.0,281.0,194.0
291,10,34,10423,0.0005360543201502313,26.532742105534254,12,26,38,0.3157894736842105,474.19870197024653,-202.55612030202,-2.3410731863505068,276.0,188.0,185.0,127.0,194.0
189,13,49,11148,0.0011754475747220007,20.99499150060708,10,20,30,0.3333333333333333,502.06352685812624,-193.5848924512857,-2.59350572506306,371.0,88.0,266.0,51.0,194.0
169,14,40,8629,-0.001610175699542401,35.19436252748295,10,26,36,0.2777777777777778,467.084625915891,-232.39920218414213,-2.0098374758868376,44.0,392.0,56.0,286.0,194.5
331,9,23,12163,0.0018440284014685055,15.014846350537953,17,31,48,0.3541666666666667,408.3926462051282,-154.17402823872237,-2.6489068935318656,412.0,11.0,317.0,38.0,194.5
57,18,36,8429,-0.0019047032857500094,36.17772682061845,10,27,37,0.2702702702702703,428.01466441168196,-216.71435138280287,-1.9750176288770076,28.0,413.0,35.0,303.0,194.75
235,12,32,11205,0.0012735033756686779,23.139678431148226,12,25,37,0.32432432432432434,493.243683596706,-188.54764949767466,-2.6160160835247597,381.0,128.0,223.0,47.0,194.75
101,17,21,11605,0.0013935192444982996,17.211150413754062,26,51,77,0.33766233766233766,332.95713230317403,-138.26861172270543,-2.408045673958975,389.0,28.0,267.0,96.0,195.0
358,8,25,12183,0.0018685900806039962,15.675632111450868,17,31,48,0.3541666666666667,409.6619976024052,-154.22528317849785,-2.6562570621333794,415.0,15.0,317.0,35.0,195.5
32,19,32,8493,-0.001822577919678472,35.83685697422239,11,29,40,0.275,411.10059307860234,-207.90764294781667,-1.9773231385331305,33.0,406.0,46.0,299.0,196.0
85,17,37,8496,-0.0018191180283457168,37.39804690908911,10,27,37,0.2702702702702703,436.860924008214,-217.52298492710727,-2.008343735052218,34.0,428.0,35.0,287.0,196.0
138,15,42,8670,-0.0015585440550334704,36.600664145521606,9,24,33,0.2727272727272727,477.7818277389801,-234.61606899670002,-2.0364411942546883,51.0,421.0,43.0,277.0,198.0
407,6,34,10382,0.0005039681038131184,28.376848146751925,15,33,48,0.3125,396.0210415419701,-168.43204694517453,-2.3512214493888854,270.0,231.0,171.0,121.0,198.25
271,11,25,12528,0.002225595921207388,15.014685872892697,18,32,50,0.36,389.2537864942233,-139.94076794640446,-2.781561029044106,430.0,9.0,331.0,23.0,198.25
341,8,42,10012,9.864893094095057e-05,31.684045692781698,10,23,33,0.30303030303030304,581.2014563614301,-252.14058949980094,-2.305068999459482,210.0,301.0,135.0,149.0,198.75
410,6,31,10105,0.00021042228409506799,27.426988504637634,15,33,48,0.3125,395.67218777629574,-176.65614211652405,-2.239787323756378,230.0,210.0,171.0,184.0,198.75
149,15,31,10519,0.0005442048797979979,24.32329390164731,12,25,37,0.32432432432432434,447.4258093452013,-193.967898183851,-2.3067003021351096,278.0,146.0,223.0,148.0,198.75
288,10,37,10351,0.00041200218786447345,27.531326640146535,12,26,38,0.3157894736842105,489.8520597520787,-212.56977822753421,-2.3044294623469104,251.0,211.0,185.0,150.0,199.25
289,10,36,10445,0.0005102376210986166,27.731297063910873,12,26,38,0.3157894736842105,490.2224594864584,-209.1262492055381,-2.3441459948179295,272.0,216.0,185.0,125.0,199.5
2,20,33,8119,-0.002342229142340064,38.662362839223015,11,30,41,0.2682926829268293,423.3523391615556,-217.95360854588745,-1.94239655854298,7.0,442.0,31.0,320.0,200.0
420,6,21,10747,0.0005074921724276148,21.285937553380776,19,38,57,0.3333333333333333,341.0802057522665,-150.86879331059706,-2.2607737376813035,271.0,92.0,266.0,172.0,200.25
261,11,35,10362,0.00042344976266884404,27.91684203445975,12,26,38,0.3157894736842105,479.63195684838655,-207.43328423238637,-2.3122227400644997,252.0,222.0,185.0,145.0,201.0
52,18,41,7861,-0.0026925209953029775,39.52282829174254,9,26,35,0.2571428571428571,448.63901607971735,-237.57458045725693,-1.8884133783009414,1.0,450.0,21.0,332.0,201.0
446,5,24,10011,1.2684538454514479e-05,27.386187437307054,18,39,57,0.3157894736842105,345.43175257969756,-159.13063998010335,-2.170743186999613,199.0,208.0,185.0,214.0,201.5
369,7,43,9974,1.8290847086206012e-05,31.269047898863494,11,25,36,0.3055555555555556,541.4499768175604,-239.30241397328146,-2.2626181149932494,200.0,289.0,148.0,171.0,202.0
23,19,41,8360,-0.0020233898556077943,35.420463405077754,10,26,36,0.2777777777777778,425.6711372687024,-226.7993071302631,-1.8768626000440842,16.0,398.0,56.0,338.0,202.0
270,11,26,14256,0.0036299197387897305,15.014685872892677,17,29,46,0.3695652173913043,484.8599907282667,-137.4583122651779,-3.5273239045224005,450.0,3.0,353.0,3.0,202.25
22,19,42,8738,-0.001543212052474662,32.29994706762946,10,24,34,0.29411764705882354,425.9440453788611,-230.08004005541622,-1.8512863839743328,53.0,313.0,97.0,348.0,202.75
312,9,42,9497,-0.0004765397182517091,34.538016933085565,10,24,34,0.29411764705882354,534.6737214212902,-243.75129265147245,-2.193521583435428,139.0,375.0,97.0,205.0,204.0
408,6,33,9841,-7.866805821167628e-05,31.89764854975562,14,32,46,0.30434782608695654,408.5493466820306,-183.73391446788918,-2.223592459047249,183.0,306.0,137.0,191.0,204.25
24,19,40,8447,-0.0019115661991854175,33.868972134835616,10,25,35,0.2857142857142857,420.260038426535,-230.2488796492844,-1.8252424900684687,26.0,358.0,75.0,361.0,205.0
51,18,42,8734,-0.0015480799110541622,32.638168684125866,10,24,34,0.29411764705882354,421.7687855973145,-228.5033551783727,-1.8457881516360068,52.0,320.0,97.0,352.0,205.25
284,10,41,9206,-0.0008636570885083159,37.89921730063832,10,25,35,0.2857142857142857,547.3115777368658,-250.7189899049074,-2.18296818260336,103.0,435.0,75.0,208.0,205.25
226,12,41,8613,-0.0017200932036307078,35.78873186752524,9,23,32,0.28125,499.22422001350475,-255.67160796521384,-1.9525993675505346,40.0,405.0,62.0,315.0,205.5
266,11,30,10843,0.0009165316431334328,25.529297586101656,13,27,40,0.325,439.41294884086943,-180.33902842146327,-2.4365937461631137,333.0,172.0,229.0,88.0,205.5
406,6,35,10353,0.0004737443011872464,29.83854609144403,15,33,48,0.3125,411.3502551867949,-176.2734515417483,-2.3335916531331518,260.0,260.0,171.0,133.0,206.0
263,11,33,11195,0.0012642304271283686,22.53798948377115,13,26,39,0.3333333333333333,441.68623489159086,-174.85551238198417,-2.5260069235146343,380.0,114.0,266.0,64.0,206.0
353,8,30,11848,0.0018905569828612699,19.338304191650924,15,28,43,0.3488372093023256,423.25791361174635,-160.7411246181346,-2.633165063497353,417.0,66.0,302.0,43.0,207.0
403,6,38,10366,0.00048805187080298347,27.618743776023102,14,30,44,0.3181818181818182,421.3044563816669,-184.37985233208448,-2.2849809838379747,264.0,213.0,193.0,158.0,207.0
339,8,44,10379,0.0004893533706723872,30.507226879921195,10,22,32,0.3125,586.4991660545697,-249.35257062649015,-2.352087907419642,266.0,273.0,171.0,119.0,207.25
255,11,41,9130,-0.000953443648520822,35.17380297789978,9,22,31,0.2903225806451613,553.5528206509694,-266.0254081927573,-2.080826881956609,99.0,391.0,85.0,255.0,207.5
311,9,43,9745,-0.00019609709830559698,32.476047106477154,10,23,33,0.30303030303030304,537.3357276266742,-244.7148255476428,-2.195762869798266,174.0,317.0,135.0,204.0,207.5
292,10,33,10945,0.001066392591013753,25.30794726216281,13,27,40,0.325,454.88783502816244,-184.0151786309609,-2.4720125720739143,358.0,167.0,229.0,77.0,207.75
290,10,35,10184,0.00028299127386015056,28.17014723452849,12,26,38,0.3157894736842105,477.19864304533854,-213.16703311779776,-2.2386137108810575,238.0,225.0,185.0,186.0,208.5
112,16,39,8931,-0.0012357428214065805,35.84117116345639,10,25,35,0.2857142857142857,466.34252783690937,-229.31425961977024,-2.033639463198493,73.0,407.0,75.0,279.0,208.5
248,11,48,9368,-0.0008071470989212932,33.334051598027216,9,21,30,0.3,512.587698519824,-249.81391121951353,-2.051878120067577,109.0,337.0,121.0,268.0,208.75
78,17,44,9128,-0.001039053209560618,31.799020590975598,9,21,30,0.3,471.2449277095116,-243.5056435334599,-1.9352525915677936,87.0,304.0,121.0,323.0,208.75
319,9,35,9563,-0.0004010663449502759,33.63031109409153,12,28,40,0.3,454.90186367037154,-210.56949476119135,-2.1603407662932352,146.0,350.0,121.0,219.0,209.0
143,15,37,9448,-0.0006248663422609525,31.370701461465096,11,25,36,0.3055555555555556,453.13679196770846,-221.49335500311935,-2.0458256725639776,121.0,295.0,148.0,273.0,209.25
398,6,43,9786,-0.00018867347061112574,31.469369230227052,12,27,39,0.3076923076923077,463.62117395578747,-214.00624735724557,-2.166390839898491,175.0,296.0,154.0,216.0,210.25
211,13,27,11156,0.00118942623496974,23.01606821090924,15,30,45,0.3333333333333333,412.64827996875357,-167.77785176358472,-2.459491974841918,375.0,121.0,266.0,79.0,210.25
86,17,36,8662,-0.0015678165781019473,35.01017211065411,11,27,38,0.2894736842105263,415.03459324246927,-218.64896572449948,-1.8981777108674651,50.0,386.0,81.0,331.0,212.0
113,16,38,9108,-0.0010226571511347297,34.02707968180534,11,26,37,0.2972972972972973,433.0980961467547,-217.56573553267043,-1.9906539744707143,90.0,362.0,104.0,296.0,213.0
259,11,37,10663,0.0007348658755098653,26.912671597989025,12,25,37,0.32432432432432434,506.05488184554565,-216.36653386584226,-2.3388777959502933,309.0,193.0,223.0,128.0,213.25
387,7,25,11108,0.000866387361819929,19.692274249964505,17,32,49,0.3469387755102041,371.6359145781219,-162.79725369993403,-2.282814397244789,327.0,71.0,297.0,159.0,213.5
220,12,47,10030,-6.337136721972891e-05,28.067474926518084,10,21,31,0.3225806451612903,459.23096911441337,-217.22385640531857,-2.1140908586832796,185.0,223.0,211.0,236.0,213.75
396,6,45,9495,-0.0005169422946190032,32.74054685304084,11,25,36,0.3055555555555556,503.4850345629813,-241.76619344095462,-2.0825286918617305,133.0,323.0,148.0,252.0,214.0
384,7,28,11334,0.0014584433226397149,18.23272882945389,16,30,46,0.34782608695652173,413.88261595719075,-176.23907000435935,-2.348415796491398,393.0,42.0,299.0,122.0,214.0
397,6,44,9623,-0.00037084651075806175,32.98033129975713,11,25,36,0.3055555555555556,502.77667233617194,-236.31567647363525,-2.127563773333779,149.0,331.0,148.0,229.0,214.25
444,5,26,8337,-0.0018373060811714853,35.46461228417608,16,39,55,0.2909090909090909,336.0044303623467,-180.51048302895217,-1.8614122832326296,30.0,399.0,86.0,342.0,214.25
18,19,46,9045,-0.0012253629031428663,31.821704995792153,10,23,33,0.30303030303030304,402.8769502978337,-216.68572575432597,-1.8592685277045322,75.0,305.0,135.0,344.0,214.75
210,13,28,11261,0.0012915637588195685,23.01606821090927,15,29,44,0.3409090909090909,401.22744617471494,-164.02400888087496,-2.446150712400358,382.0,123.0,271.0,83.0,214.75
222,12,45,9585,-0.0005573958229347267,30.757304427308718,10,22,32,0.3125,455.2253472116528,-225.7878812989197,-2.016163775455166,128.0,280.0,171.0,283.0,215.5
411,6,30,10013,0.0001115290547628109,28.332841156507143,15,32,47,0.3191489361702128,396.8839647410355,-185.60479234686576,-2.1383282172979814,213.0,230.0,196.0,223.0,215.5
176,14,33,11085,0.0010230917219917592,22.833264515302222,13,25,38,0.34210526315789475,436.85490534056396,-183.76319846311645,-2.3772709062214443,351.0,120.0,285.0,108.0,216.0
328,9,26,12122,0.0018070847699894078,16.705155357713398,18,30,48,0.375,353.4075554820897,-141.31088137619457,-2.500922448719687,409.0,21.0,365.0,70.0,216.25
388,7,24,10871,0.0006232168361053289,20.06610498496487,18,34,52,0.34615384615384615,344.72835388325404,-156.8829680586461,-2.1973599693396126,291.0,80.0,294.0,202.0,216.75
412,6,29,9407,-0.00056863385366206,31.001059869807914,15,33,48,0.3125,407.99560444075456,-203.43773477795708,-2.0055060330182255,126.0,284.0,171.0,288.0,217.25
100,17,22,13683,0.0031841395187485236,16.275181393428866,25,41,66,0.3787878787878788,374.5803869457015,-138.56173692013127,-2.703346502949904,447.0,17.0,375.0,30.0,217.25
60,18,33,8508,-0.0018040870363996001,35.349756976746775,11,27,38,0.2894736842105263,402.6005289748422,-219.30966844034756,-1.8357627907515162,37.0,395.0,81.0,357.0,217.5
441,5,29,9090,-0.001038080780408419,34.73000442825239,15,35,50,0.3,378.38523231295557,-188.18931600978243,-2.0106626685081657,88.0,377.0,121.0,285.0,217.75
258,11,38,10560,0.000629065926697358,27.320570849154752,12,25,37,0.32432432432432434,491.0223208176872,-213.28253004750263,-2.302215379329596,292.0,206.0,223.0,151.0,218.0
295,10,30,10725,0.0008464165755750529,27.6692762273675,13,27,40,0.325,439.576181045017,-184.76434432915136,-2.3791180199894364,324.0,214.0,229.0,106.0,218.25
166,14,43,9019,-0.0011300132606240731,34.85899765082692,10,24,34,0.29411764705882354,429.0031017020823,-219.6607378774255,-1.9530258609140858,82.0,380.0,97.0,314.0,218.25
371,7,41,10158,0.0002178612894356204,30.43806962060887,12,26,38,0.3157894736842105,493.0843946327522,-221.4929126851913,-2.226185879516492,231.0,271.0,185.0,188.0,218.75
352,8,31,11752,0.001802389840809156,20.24763889888694,15,27,42,0.35714285714285715,393.7242344370289,-153.8319307255347,-2.5594441451788543,408.0,81.0,326.0,60.0,218.75
218,12,49,10032,-6.122252161772933e-05,28.86958233446436,10,21,31,0.3225806451612903,465.782369172167,-220.24913333136936,-2.1147977389376957,186.0,245.0,211.0,235.0,219.25
449,5,21,10955,0.0007157557267737392,23.092994630333166,21,41,62,0.3387096774193548,337.1856721564896,-149.40192593766537,-2.2569031158083788,306.0,125.0,268.0,178.0,219.25
329,9,25,12594,0.002223016059272304,15.01484635053795,18,29,47,0.3829787234042553,381.23012808342673,-147.14781495357934,-2.5907970716635735,429.0,10.0,389.0,52.0,220.0
165,14,44,9219,-0.0008914443668079575,32.78906086020984,10,23,33,0.30303030303030304,425.2859458699115,-218.89409100451525,-1.9428845425577927,102.0,324.0,135.0,319.0,220.0
394,6,47,9730,-0.00025106181269597726,31.291408811964068,11,24,35,0.3142857142857143,517.6733193944867,-248.54687910054693,-2.082799515599903,166.0,291.0,172.0,251.0,220.0
55,18,38,8096,-0.002342986582909325,38.814775034147196,10,26,36,0.2777777777777778,409.6272181489976,-230.78927246499293,-1.7748971335360986,6.0,443.0,56.0,376.0,220.25
216,13,22,11971,0.001956221349970684,16.74525589253486,21,37,58,0.3620689655172414,358.9652321195954,-150.4439756581071,-2.386039258463664,421.0,23.0,336.0,102.0,220.5
181,14,28,11084,0.0011188651113897428,23.1378162506097,15,29,44,0.3409090909090909,400.2093182390857,-169.61860815180316,-2.3594658781830784,367.0,127.0,271.0,117.0,220.5
242,12,25,13017,0.002676846804046335,15.759398998203613,18,29,47,0.3829787234042553,427.1240045931175,-161.07491992491234,-2.651710178047757,441.0,16.0,389.0,36.0,220.5
77,17,45,9664,-0.00041899991393765974,27.89365135849,10,21,31,0.3225806451612903,450.1431641430546,-230.38218828857902,-1.9538974236115894,143.0,221.0,211.0,313.0,222.0
212,13,26,12751,0.002641923434614504,17.94042136553802,17,28,45,0.37777777777777777,436.78943333162465,-166.9288527458131,-2.616620351406448,440.0,35.0,372.0,46.0,223.25
269,11,27,12421,0.00235681299549072,21.396463909906874,17,30,47,0.3617021276595745,415.054599306965,-154.48795917779722,-2.686646917442198,432.0,95.0,335.0,32.0,223.5
275,11,21,12040,0.0017935212192197317,16.530302500813786,21,36,57,0.3684210526315789,357.052535663748,-151.60801599950094,-2.3551032793999718,406.0,20.0,352.0,118.0,224.0
83,17,39,8082,-0.002362085290894059,37.68661162596373,10,25,35,0.2857142857142857,420.164360930547,-244.80419654403767,-1.71632826096167,5.0,431.0,75.0,386.0,224.25
376,7,36,10328,0.00039852070716034956,27.7118411398043,14,29,43,0.32558139534883723,409.5115194151675,-186.36956457969026,-2.1973089884001067,248.0,215.0,231.0,203.0,224.25
355,8,28,11438,0.001460706017084687,18.761883559285007,16,29,45,0.35555555555555557,398.0654023746203,-170.0246849223198,-2.34122123241391,394.0,58.0,321.0,126.0,224.75
317,9,37,9545,-0.00042143815820932975,33.59889619966022,12,27,39,0.3076923076923077,460.9501461724465,-221.71967654351448,-2.078977172249216,142.0,348.0,154.0,257.0,225.25
437,5,33,9905,-8.306174030134585e-06,30.158859060323955,15,32,47,0.3191489361702128,372.87084010155286,-177.77974557318552,-2.0973752600408315,194.0,269.0,196.0,243.0,225.5
280,10,45,9261,-0.000798071397075815,34.110738382695104,10,23,33,0.30303030303030304,492.18111043384033,-246.12867035675762,-1.9996902828119762,111.0,365.0,135.0,292.0,225.75
244,12,23,12846,0.0027225475630882983,15.014685872892679,19,29,48,0.3958333333333333,354.7075188312691,-134.24469448469048,-2.642246087957842,442.0,5.0,416.0,41.0,226.0
121,16,30,10380,0.00039910733461951883,25.333316283901233,13,26,39,0.3333333333333333,430.3053384478803,-200.52130913230664,-2.1459332193166514,249.0,168.0,266.0,221.0,226.0
335,8,48,10370,0.0004797667069633618,29.29059644371773,10,21,31,0.3225806451612903,557.4321818459367,-247.8208038934243,-2.249335701798713,261.0,254.0,211.0,180.0,226.5
306,9,48,9697,-0.0002984629180004722,32.92655418643517,10,22,32,0.3125,535.3051242125377,-257.11816771167275,-2.081942046245516,159.0,329.0,171.0,253.0,228.0
74,17,48,10645,0.0006333121784337019,27.0996338777679,9,18,27,0.3333333333333333,549.8293283354308,-239.04078626339594,-2.3001485935943204,294.0,201.0,266.0,153.0,228.5
79,17,43,9422,-0.0006949972451597711,28.757541679310975,10,21,31,0.3225806451612903,433.54350357010696,-234.01481787129424,-1.852632698706077,115.0,241.0,211.0,347.0,228.5
3,20,32,8104,-0.0023625660878575793,38.350524633259326,12,29,41,0.2926829268292683,391.78508269830644,-227.52857198304145,-1.72191597426062,4.0,439.0,88.0,384.0,228.75
175,14,34,11038,0.000977123458890032,21.895096351713224,13,24,37,0.35135135135135137,419.00330218122565,-183.69956785732464,-2.2809161015917914,344.0,104.0,308.0,160.0,229.0
262,11,34,10570,0.000640027848894135,25.477127033846166,13,26,39,0.3333333333333333,432.7692602612246,-194.42847999092118,-2.225853230357161,297.0,169.0,266.0,189.0,230.25
145,15,35,10033,2.9408724263838895e-05,29.350068030291173,12,25,37,0.32432432432432434,437.6148864536051,-208.72352290770405,-2.096624665764745,202.0,255.0,223.0,244.0,231.0
359,8,24,12422,0.0020736197011084266,17.326437681101947,19,31,50,0.38,388.175071100354,-159.75471012915025,-2.429819257200881,424.0,30.0,380.0,91.0,231.25
293,10,32,10679,0.0007994423053538119,25.68746874593402,14,28,42,0.3333333333333333,409.8620767289394,-180.65961428244165,-2.268697840172318,317.0,175.0,266.0,168.0,231.5
215,13,23,11921,0.001910680374137208,16.745255892534843,20,34,54,0.37037037037037035,352.1705152491265,-150.63593716359813,-2.3378917533247843,419.0,22.0,355.0,130.0,231.5
334,8,49,10021,0.00010784612636856622,30.07199565781429,10,21,31,0.3225806451612903,538.1581829067014,-255.25357163057245,-2.1083277286539825,212.0,267.0,211.0,237.0,231.75
207,13,31,11163,0.001099899728499316,25.235376959690527,13,25,38,0.34210526315789475,475.03745729473246,-200.47380594922444,-2.3695736959024405,365.0,165.0,285.0,113.0,232.0
418,6,23,10393,0.0001419974572801441,21.444089921919343,19,35,54,0.35185185185185186,320.72649472398996,-162.85494796966208,-1.969399755564918,218.0,96.0,310.0,305.0,232.25
283,10,42,9376,-0.0006645479786615972,36.18723097608699,10,23,33,0.30303030303030304,546.804440253891,-264.9012774030909,-2.064181968521949,117.0,414.0,135.0,263.0,232.25
234,12,33,10995,0.001068375452488032,24.03420122556032,13,25,38,0.34210526315789475,452.28258958589475,-195.3568169101917,-2.315161542552239,359.0,143.0,285.0,143.0,232.5
265,11,31,10895,0.0009688618310688313,24.244223789976324,13,25,38,0.34210526315789475,432.88519157452083,-189.27854927167405,-2.2870272053553986,343.0,145.0,285.0,157.0,232.5
147,15,33,10914,0.0009441220968182442,21.464989208045168,13,24,37,0.35135135135135137,419.8831751232119,-189.3461641558856,-2.2175425469804027,335.0,97.0,308.0,195.0,233.75
435,5,35,9078,-0.0009558584977847767,32.80791901291881,15,33,48,0.3125,336.6106443836521,-180.96591418299977,-1.86007760579298,96.0,325.0,171.0,343.0,233.75
129,16,22,12224,0.001994024480921394,16.275391603578296,23,39,62,0.3709677419354839,358.726111105315,-154.51828560665783,-2.3215770851774087,422.0,18.0,356.0,140.0,234.0
119,16,32,10413,0.00043402311486276623,24.525831433533874,13,25,38,0.34210526315789475,404.8581937841557,-193.97372144776133,-2.0871806281923977,254.0,149.0,285.0,248.0,234.0
188,14,21,12440,0.0023737280235080318,14.388649849268718,24,39,63,0.38095238095238093,330.19228785143514,-140.6148885442319,-2.3482028913856423,433.0,1.0,384.0,123.0,235.25
178,14,31,10702,0.0006408976830755564,24.978559633891816,13,25,38,0.34210526315789475,430.0575683524885,-195.54847944045105,-2.1992375986919948,298.0,158.0,285.0,200.0,235.25
419,6,22,10481,0.00023325669930154768,22.16870263771026,19,35,54,0.35185185185185186,319.85907383716994,-159.88026739463706,-2.000616330267028,233.0,109.0,310.0,291.0,235.75
120,16,31,10634,0.0006622483345086671,24.325446327375385,13,25,38,0.34210526315789475,423.43710124236634,-194.79604902416938,-2.1737458401419025,300.0,147.0,285.0,211.0,235.75
373,7,39,10082,0.0001364736699088064,29.73016380144372,13,27,40,0.325,438.9520554853248,-208.29469631286045,-2.1073606925930317,217.0,259.0,229.0,239.0,236.0
330,9,24,12347,0.002007639927817424,15.580974170306886,19,30,49,0.3877551020408163,368.41586269499936,-155.07171870313556,-2.375777258265146,423.0,13.0,403.0,111.0,237.5
0,20,35,8710,-0.0015778832366508723,32.71928397468122,13,28,41,0.3170731707317073,366.2913070407378,-216.1461996404305,-1.694646066644155,47.0,322.0,189.0,392.0,237.5
404,6,37,10365,0.0004868140426584213,26.92779765319101,15,30,45,0.3333333333333333,400.6412505728652,-188.13108175827227,-2.1295856422472768,263.0,195.0,266.0,227.0,237.75
106,16,45,9805,-0.0002609461684090267,27.009030590509877,10,20,30,0.3333333333333333,425.3925786198348,-222.44892358276394,-1.9123157431758218,164.0,198.0,266.0,326.0,238.5
315,9,39,9204,-0.0008177234508838583,35.52176983532289,11,25,36,0.3055555555555556,487.32938315956636,-246.29513630373378,-1.9786398971297046,107.0,402.0,148.0,298.0,238.75
368,7,44,10419,0.0004939674488950557,31.269931802403953,11,23,34,0.3235294117647059,575.5204075934136,-257.00809190568185,-2.239308510973347,267.0,290.0,215.0,185.0,239.25
375,7,37,10578,0.0006589780523226801,27.076996579282042,14,28,42,0.3333333333333333,414.7405200247592,-186.69440717973154,-2.2214940784245703,299.0,200.0,266.0,193.0,239.5
108,16,43,8667,-0.0016025591824794549,36.81430994811228,9,21,30,0.3,487.580499051369,-272.46568309081283,-1.789511594709189,45.0,423.0,121.0,370.0,239.75
310,9,44,10108,0.00020251189893025171,31.683109674242285,10,21,31,0.3225806451612903,550.6127714021216,-257.01009905764226,-2.1423779587689666,227.0,300.0,211.0,222.0,240.0
232,12,35,10926,0.0008666546737479389,25.480359756193735,13,25,38,0.34210526315789475,481.12956294814103,-213.12184250322753,-2.2575328614703336,328.0,170.0,285.0,177.0,240.0
187,14,22,12164,0.002130131390248409,17.93968649045061,22,37,59,0.3728813559322034,360.68665587622587,-155.95072782071858,-2.3128244472887123,426.0,34.0,359.0,144.0,240.75
33,19,31,8532,-0.0017728950040740515,37.35960207922981,13,30,43,0.3023255813953488,384.76348348653886,-215.67441643568506,-1.7840015048853828,38.0,427.0,125.0,374.0,241.0
391,7,21,10980,0.0007410181448763212,21.354050120577345,20,36,56,0.35714285714285715,329.25085485403804,-155.66959379147582,-2.1150620801071764,311.0,93.0,326.0,234.0,241.0
278,10,47,8860,-0.0012798815065442064,36.383146339300936,10,23,33,0.30303030303030304,474.78423360051477,-256.02291176587886,-1.8544599400333477,69.0,417.0,135.0,345.0,241.5
96,17,26,10513,0.0003548259045696802,19.95841718872399,19,34,53,0.3584905660377358,331.2956144893467,-170.04066943880736,-1.9483316290316668,244.0,78.0,327.0,317.0,241.5
400,6,41,10145,0.00025318844446159785,30.712802611000807,13,27,40,0.325,440.0091084257516,-206.47593637443862,-2.131043046235697,235.0,277.0,229.0,226.0,241.75
432,5,38,9457,-0.0005114408121126976,32.95270556763515,14,30,44,0.3181818181818182,408.14170192333444,-208.5956626596756,-1.9566164354491815,134.0,330.0,193.0,311.0,242.0
184,14,25,13190,0.0030097951542145756,17.94042136553803,18,27,45,0.4,436.08991729059056,-172.56513619085598,-2.5271032545547194,445.0,37.0,425.0,63.0,242.5
205,13,33,11138,0.0010757498432881893,23.690692295124595,13,24,37,0.35135135135135137,465.0573130608599,-204.45329173837877,-2.2746384228235055,362.0,137.0,308.0,165.0,243.0
416,6,25,9512,-0.0008050166712425636,29.132494753709476,17,34,51,0.3333333333333333,345.56450112875586,-187.16336905076483,-1.8463255009853314,110.0,250.0,266.0,351.0,244.25
321,9,33,9690,-0.00025772453985670836,33.55827392910168,13,28,41,0.3170731707317073,412.1677242736723,-202.44138519127435,-2.0359854971563274,165.0,345.0,189.0,278.0,244.25
213,13,25,12518,0.002441819813585951,18.629164768362003,18,28,46,0.391304347826087,380.9695236709979,-154.95138891458097,-2.458638972774955,438.0,50.0,409.0,80.0,244.25
302,10,23,11115,0.0009065177997451692,18.864695294673457,19,33,52,0.36538461538461536,345.23492004182054,-164.96529681006615,-2.092773005702581,331.0,61.0,339.0,246.0,244.25
128,16,23,13672,0.0033997152437290896,18.57994505699124,23,35,58,0.39655172413793105,397.5842925369041,-156.3518962519334,-2.5428811678514434,449.0,49.0,418.0,62.0,244.5
260,11,36,10938,0.0010118907043180053,25.961191686997193,13,25,38,0.34210526315789475,469.73234362043706,-206.710380417722,-2.2724177792677764,350.0,179.0,285.0,166.0,245.0
323,9,31,11715,0.0017678772548490142,21.59291073104557,15,25,40,0.375,388.9287757084057,-164.7514719939479,-2.3606998529439114,405.0,98.0,365.0,115.0,245.75
448,5,22,10301,4.711888408970803e-05,26.772691772435383,21,40,61,0.3442622950819672,308.45154346657506,-154.3917775212579,-1.9978495514380938,206.0,191.0,292.0,294.0,245.75
137,15,43,8989,-0.0011658887978956297,33.96097163457794,10,22,32,0.3125,438.74090359210106,-245.42102298189232,-1.7877070931469154,80.0,360.0,171.0,372.0,245.75
72,18,21,11281,0.0010863492407180175,18.51323832276124,31,55,86,0.36046511627906974,270.6706733232558,-129.25404313268572,-2.0940983102973334,363.0,45.0,332.0,245.0,246.25
221,12,46,8988,-0.0012574055242220244,34.29067441806489,10,22,32,0.3125,439.1947717186663,-245.67492463190084,-1.7877069561605432,71.0,370.0,171.0,373.0,246.25
208,13,30,10690,0.0007258273131446508,24.43245840140589,15,28,43,0.3488372093023256,373.27730647368156,-175.30709153538487,-2.12927670640373,308.0,148.0,302.0,228.0,246.5
118,16,33,10724,0.0007540851769530021,19.91202500678524,13,23,36,0.3611111111111111,390.5675088467293,-189.24929135328742,-2.063772635838432,312.0,77.0,334.0,264.0,246.75
167,14,42,8804,-0.0013923376455707548,35.942458802145225,11,25,36,0.3055555555555556,401.32654949481736,-224.45826545275605,-1.7879784853781138,62.0,408.0,148.0,371.0,247.25
447,5,23,10350,0.0003748338177337173,27.61614976326098,20,39,59,0.3389830508474576,322.08126614686705,-156.17341775177644,-2.062330906139137,245.0,212.0,269.0,265.0,247.75
48,18,45,9125,-0.0010722064825086416,32.344355232394705,10,21,31,0.3225806451612903,434.0488517508199,-248.38225332722354,-1.7475034787569772,85.0,314.0,211.0,381.0,247.75
123,16,28,10585,0.0006188516457287388,23.993279997332166,15,28,43,0.3488372093023256,390.0330561613356,-188.02259672488086,-2.0743945831789636,289.0,142.0,302.0,260.0,248.25
336,8,47,10357,0.00046664058997769543,29.094545892404238,11,22,33,0.3333333333333333,509.02485299916094,-238.25926505383995,-2.136432565945066,257.0,248.0,266.0,224.0,248.75
31,19,33,8503,-0.001810276965139413,36.084976789818946,12,27,39,0.3076923076923077,373.7791137014387,-221.59066164350276,-1.6867999352011422,36.0,412.0,154.0,394.0,249.0
428,5,42,9719,-0.00021446314688328185,33.88195555208465,14,30,44,0.3181818181818182,410.9568769407013,-201.17870324685566,-2.042745431341398,171.0,359.0,193.0,274.0,249.25
223,12,44,9354,-0.0008233244663563546,32.88304170757085,10,21,31,0.3225806451612903,467.58748405276265,-253.45755649075792,-1.844835445140152,105.0,328.0,211.0,354.0,249.5
19,19,45,9465,-0.0007326340273760168,28.741140341633237,10,20,30,0.3333333333333333,418.88768026131277,-236.2212174649057,-1.7732855869458255,114.0,240.0,266.0,378.0,249.5
389,7,23,11048,0.0008061872761465739,20.646163742324134,19,33,52,0.36538461538461536,337.7840478212601,-162.69962802654751,-2.07612059055319,318.0,85.0,339.0,259.0,250.25
91,17,31,10170,0.00017748600850359185,24.564908576678935,14,26,40,0.35,398.1794738318618,-207.84438416602194,-1.915757673364915,223.0,151.0,303.0,325.0,250.5
363,7,49,10543,0.0006222500026108388,28.93472229737183,11,22,33,0.3333333333333333,534.6310598341119,-242.62288330085795,-2.2035475490214047,290.0,247.0,266.0,199.0,250.5
254,11,42,9000,-0.001109758628744348,34.90432298146627,10,22,32,0.3125,474.1962317256874,-261.0407418217755,-1.8165602365987872,83.0,384.0,171.0,366.0,251.0
164,14,45,9667,-0.00037564503154823156,28.863132835092358,10,20,30,0.3333333333333333,421.75089397969634,-227.5613820444549,-1.8533500288608102,148.0,244.0,266.0,346.0,251.0
186,14,23,12470,0.002400225234782166,17.940421365538032,22,35,57,0.38596491228070173,353.49172431173787,-151.59484600770512,-2.331818881848865,437.0,38.0,396.0,134.0,251.25
105,16,46,10376,0.00035471630306525625,23.190416197660536,10,18,28,0.35714285714285715,456.72338136155093,-232.82753826779228,-1.9616381496772919,243.0,129.0,326.0,307.0,251.25
206,13,32,11096,0.0010343099612133647,25.258964848669795,13,24,37,0.35135135135135137,473.32249852953044,-210.69633948256714,-2.246467592611844,352.0,166.0,308.0,181.0,251.75
214,13,24,11764,0.001766300117750634,18.629164768362042,18,29,47,0.3829787234042553,338.48188301600493,-149.2481133844219,-2.2679139812251368,403.0,51.0,389.0,169.0,253.0
26,19,38,8302,-0.002099577212722256,39.03367046029819,11,25,36,0.3055555555555556,407.07537818379586,-247.05166470742444,-1.6477337995916057,13.0,446.0,148.0,405.0,253.0
443,5,27,8466,-0.0018104552778518846,36.21497953211295,17,37,54,0.3148148148148148,319.14157216097965,-188.1000669854581,-1.6966584716083715,35.0,415.0,173.0,391.0,253.5
367,7,45,9688,-0.0002975813739948073,33.475004680376976,11,23,34,0.3235294117647059,536.5209893987848,-270.17390723657707,-1.9858356970385804,160.0,342.0,215.0,297.0,253.5
320,9,34,9648,-0.00030475142879215556,32.139978885555266,13,27,40,0.325,406.2618891529497,-208.64500480774694,-1.947144095432786,158.0,310.0,229.0,318.0,253.75
366,7,46,9980,2.48395131776874e-05,33.71494653435706,11,23,34,0.3235294117647059,567.5665079748632,-272.34050613540643,-2.0840326546675056,201.0,351.0,215.0,250.0,254.25
374,7,38,10526,0.0006054474721046896,28.24588419015649,14,27,41,0.34146341463414637,422.23370799579817,-199.41922886495158,-2.1173169227413795,285.0,226.0,274.0,233.0,254.5
159,15,21,11900,0.00189142179000438,15.61688996032979,26,43,69,0.37681159420289856,313.284967214023,-145.22616062711234,-2.157221301322041,418.0,14.0,367.0,220.0,254.75
94,17,28,10035,3.8742449406241566e-05,26.30926501171774,16,30,46,0.34782608695652173,361.22276244192176,-191.46191829056252,-1.8866559244106718,204.0,185.0,299.0,333.0,255.25
318,9,36,9781,-0.00015675383359400682,33.21332415513779,12,25,37,0.32432432432432434,466.9816788017385,-232.94109745912814,-2.004720008171487,177.0,334.0,223.0,289.0,255.75
308,9,46,9669,-0.0002819353170106788,33.61522963431149,10,21,31,0.3225806451612903,529.1303759889418,-267.76386366272135,-1.9761082348865449,162.0,349.0,211.0,302.0,256.0
253,11,43,9281,-0.000774997085394859,33.49561000038432,10,21,31,0.3225806451612903,484.5975574147824,-265.02113004419215,-1.8285242287434815,112.0,343.0,211.0,359.0,256.25
130,16,21,11806,0.0015620976403220004,17.07967915705638,26,43,69,0.37681159420289856,316.09140598902866,-149.1097217202167,-2.1198577956045646,401.0,27.0,367.0,231.0,256.5
287,10,38,9356,-0.0006875510185385504,36.03908692273029,12,26,38,0.3157894736842105,484.10225167945583,-248.22045411262076,-1.9502915398737146,116.0,410.0,185.0,316.0,256.75
82,17,40,8010,-0.002458864597138353,39.50973689100208,11,25,36,0.3055555555555556,386.00768205732226,-249.4472794183905,-1.547451962424024,3.0,449.0,148.0,428.0,257.0
154,15,26,11489,0.001509231707692513,18.579945056991196,17,28,45,0.37777777777777777,362.7199985810045,-167.02608495790062,-2.171636835482488,398.0,46.0,372.0,212.0,257.0
47,18,46,9341,-0.0008176795006750546,30.496524972767208,10,20,30,0.3333333333333333,433.7929642797625,-249.8642202084487,-1.7361147743277194,108.0,272.0,266.0,382.0,257.0
325,9,29,11119,0.001200606024274055,21.194738936519382,15,26,41,0.36585365853658536,376.38393495493597,-174.08981161013577,-2.162010122670627,376.0,90.0,344.0,218.0,257.0
322,9,32,11426,0.0015346097802416887,23.438822034868256,15,26,41,0.36585365853658536,389.2846660877901,-169.70629612183737,-2.29387285553808,399.0,134.0,344.0,154.0,257.75
110,16,41,7962,-0.0024838041862475565,39.17702143024055,12,27,39,0.3076923076923077,352.61720961635433,-232.20666487424737,-1.5185490468471947,2.0,448.0,154.0,429.0,258.25
95,17,27,10005,5.528437781046662e-06,27.170495113143264,17,32,49,0.3469387755102041,327.68696463575435,-173.92471694929242,-1.8840735830048305,198.0,204.0,297.0,335.0,258.5
192,13,46,9417,-0.0006596816179138984,34.07758501463761,10,21,31,0.3225806451612903,459.3504855622262,-246.50214043659543,-1.863474632506808,118.0,364.0,211.0,341.0,258.5
191,13,47,10117,0.0001204091242947139,27.87325060984123,11,21,32,0.34375,429.6613433044188,-219.4586918442937,-1.9578233137799992,215.0,220.0,291.0,309.0,258.75
148,15,32,10929,0.0009590406984297968,23.265431665842467,13,23,36,0.3611111111111111,432.4965409503458,-204.0561558276694,-2.1194976412061792,340.0,131.0,334.0,232.0,259.25
157,15,23,13412,0.003191455807743815,17.0127533184636,23,33,56,0.4107142857142857,385.8055920052702,-165.48087111791307,-2.331421084497224,448.0,26.0,431.0,135.0,260.0
282,10,43,9596,-0.00041234773822698223,34.46658879522298,10,21,31,0.3225806451612903,550.1839918869375,-281.2596017429075,-1.9561429671291621,145.0,372.0,211.0,312.0,260.0
415,6,26,9592,-0.00031277285411461265,25.944002637391506,17,31,48,0.3541666666666667,337.6198832870452,-198.3291621871721,-1.7023209273098134,157.0,178.0,317.0,389.0,260.25
281,10,44,9473,-0.0005525014177444103,34.522778767095375,10,21,31,0.3225806451612903,521.2947189737284,-273.3566157873315,-1.9070133622787095,130.0,373.0,211.0,328.0,260.5
414,6,27,10064,0.00016608845959051124,24.73024770926002,17,31,48,0.3541666666666667,353.2258066732226,-191.6303800660663,-1.8432662219395737,220.0,153.0,317.0,355.0,261.25
324,9,30,11105,0.0011872811107008063,22.815560078899928,15,26,41,0.36585365853658536,362.0672507692826,-166.3541423333436,-2.176484731253433,374.0,119.0,344.0,209.0,261.5
125,16,26,11122,0.0009668881617660085,19.391059798020592,18,30,48,0.375,339.8721615573733,-166.5160915675183,-2.041076981557445,342.0,68.0,365.0,275.0,262.5
372,7,40,10324,0.00039421498845255526,28.767010878364434,13,25,38,0.34210526315789475,445.43819988683015,-218.6537302281913,-2.0371854595023926,247.0,242.0,285.0,276.0,262.5
299,10,26,12065,0.0017977509568697725,18.864695294673464,18,28,46,0.391304347826087,368.9249403854323,-163.40092579084475,-2.2577897805650187,407.0,62.0,409.0,176.0,263.5
162,14,47,11034,0.0010637727123672216,17.27720736324051,12,19,31,0.3870967741935484,378.8223717965618,-184.80376279598994,-2.0498628711080653,357.0,29.0,401.0,270.0,264.25
300,10,25,11539,0.0013129370185890718,18.864695294673453,18,29,47,0.3829787234042553,347.883413746962,-162.8553782261223,-2.1361493709095134,384.0,60.0,389.0,225.0,264.5
203,13,35,11114,0.0010523690646321066,22.763771185652395,14,24,38,0.3684210526315789,426.64068788117976,-202.41824435927956,-2.107718546970102,354.0,117.0,352.0,238.0,265.25
179,14,30,10954,0.0009908499981498085,22.792390538610288,15,26,41,0.36585365853658536,380.58224700090597,-182.8581077562394,-2.081298180708752,347.0,118.0,344.0,254.0,265.75
163,14,46,9498,-0.0005669950148974396,31.749838409332487,10,20,30,0.3333333333333333,435.765583206427,-243.002629519734,-1.7932546000332021,127.0,302.0,266.0,368.0,265.75
365,7,47,10748,0.0008322591335525277,28.5941741506093,11,21,32,0.34375,568.9709273655799,-262.3693882256977,-2.1685873158195372,322.0,236.0,291.0,215.0,266.0
92,17,30,10068,6.800282639510963e-05,25.116190697082555,14,25,39,0.358974358974359,392.6601510159485,-217.1444697882207,-1.8082898974996087,209.0,162.0,329.0,367.0,266.75
442,5,28,8840,-0.0013402920669562288,34.88073422375764,17,35,52,0.3269230769230769,330.63803264425087,-193.74065869571683,-1.7066011588385321,65.0,382.0,237.0,387.0,267.75
362,8,21,11193,0.0009474227263760163,19.752733079064317,20,33,53,0.37735849056603776,345.8908947631233,-173.46992299356938,-1.9939531233662082,336.0,72.0,369.0,295.0,268.0
71,18,22,11256,0.0010971821325168364,16.422216426709213,27,44,71,0.38028169014084506,277.50422289240674,-141.7334789573539,-1.9579299466423514,364.0,19.0,382.0,308.0,268.25
286,10,39,9546,-0.00046874172883744765,35.47366639136704,11,23,34,0.3235294117647059,516.17843239902,-266.61864343737716,-1.9360177733417168,141.0,400.0,215.0,322.0,269.5
327,9,27,11238,0.0013161619414500867,18.943178580577285,17,28,45,0.37777777777777777,351.04062750427335,-168.90799806428683,-2.078294879622375,385.0,63.0,372.0,258.0,269.5
76,17,46,9686,-0.00039461253661719607,30.007989767033333,10,19,29,0.3448275862068966,475.7224421705231,-266.9533264552789,-1.7820435073327998,147.0,263.0,293.0,375.0,269.5
93,17,29,9732,-0.0002957847568677703,26.274220883723743,16,28,44,0.36363636363636365,330.49466474305257,-198.44169467939042,-1.6654497195108704,161.0,184.0,337.0,400.0,270.5
20,19,44,8807,-0.0015154535548499118,32.199498026248165,11,21,32,0.34375,366.98895511829426,-249.05161473555165,-1.473545776878303,54.0,312.0,291.0,433.0,272.5
158,15,22,12259,0.002214165162038762,17.012753318463584,24,37,61,0.39344262295081966,344.1550104811761,-162.17237546660593,-2.1221555736047257,427.0,25.0,414.0,230.0,274.0
139,15,41,8731,-0.0014823742274124054,36.04266370319048,12,25,37,0.32432432432432434,387.5232914912511,-236.8025798146466,-1.6364825577262658,55.0,411.0,223.0,408.0,274.25
12,20,23,10748,0.0007842893763270912,21.69839722162267,29,49,78,0.3717948717948718,247.11217435166273,-130.98036381258927,-1.8866352723316482,314.0,100.0,357.0,334.0,276.25
301,10,24,11592,0.0013632030351095955,18.86469529467345,19,30,49,0.3877551020408163,348.4758588092173,-167.61533401488916,-2.0790213548019563,388.0,59.0,403.0,256.0,276.5
14,20,21,9728,-0.0004892882525990153,25.57497003354376,52,85,137,0.3795620437956204,157.67728503565303,-99.66505915865115,-1.582071855138876,138.0,173.0,379.0,416.0,276.5
156,15,24,12551,0.0024703190378406563,18.579945056991203,22,34,56,0.39285714285714285,395.42791323844085,-180.81573687569184,-2.186910940778853,439.0,48.0,413.0,206.0,276.5
25,19,39,8831,-0.0014277892311017916,34.3878399301054,12,24,36,0.3333333333333333,388.0463841677586,-242.7399958921524,-1.5986091733319663,59.0,371.0,266.0,414.0,277.5
231,12,36,11011,0.0009510889829937106,24.705646941702742,14,24,38,0.3684210526315789,440.2703427074044,-214.66409890952832,-2.050973334357877,337.0,152.0,352.0,269.0,277.5
174,14,35,9704,-0.0003338066517154563,32.01306826346262,13,25,38,0.34210526315789475,400.18057335332924,-219.9515069346527,-1.8194036446052735,155.0,308.0,285.0,365.0,278.25
43,19,21,10327,0.0001613676454041376,22.091786224042764,40,64,104,0.38461538461538464,199.9080509712982,-119.82107836118023,-1.6683880140746976,219.0,106.0,395.0,399.0,279.75
196,13,42,9071,-0.0010668886727722736,34.26905524145279,10,20,30,0.3333333333333333,436.84849102980445,-264.88932658718215,-1.6491736252952645,86.0,369.0,266.0,404.0,281.25
62,18,31,8851,-0.00133399614225503,34.12805578981015,14,27,41,0.34146341463414637,372.7652655518228,-235.87064119692465,-1.580380091647807,68.0,367.0,274.0,417.0,281.5
40,19,24,11151,0.0011842151958618508,22.519468330124443,25,42,67,0.373134328358209,278.6982009377182,-138.48603908736675,-2.0124642366433467,373.0,113.0,360.0,284.0,282.5
307,9,47,9925,-4.572875003175896e-05,32.410937835473106,11,21,32,0.34375,500.00636925985896,-265.50092829111514,-1.8832565764576703,188.0,315.0,291.0,336.0,282.5
390,7,22,11372,0.0011198519269297812,20.743157233275294,20,32,52,0.38461538461538464,323.6324431417763,-159.38617567149876,-2.0304925554446807,369.0,87.0,395.0,280.0,282.75
67,18,26,10672,0.0005186066213287769,23.723938713844255,20,33,53,0.37735849056603776,318.074326303941,-172.38307748543372,-1.8451598088612737,273.0,138.0,369.0,353.0,283.25
316,9,38,9549,-0.00041737249298759075,34.52403962567167,12,24,36,0.3333333333333333,458.7628855931352,-248.19221915490755,-1.8484176786654272,144.0,374.0,266.0,350.0,283.5
127,16,24,13365,0.003153133974758323,19.01007345611881,23,32,55,0.41818181818181815,387.7381627270311,-173.51632505308146,-2.2345918322579488,446.0,64.0,437.0,187.0,283.5
97,17,25,11198,0.0010054286243320278,18.722824505006816,21,33,54,0.3888888888888889,323.7266754688834,-169.70059201750746,-1.9076343318559876,349.0,54.0,404.0,327.0,283.5
204,13,34,11215,0.001150216347140305,23.059165740410116,14,23,37,0.3783783783783784,433.7069249650725,-211.15032259473787,-2.0540197127592785,370.0,124.0,374.0,267.0,283.75
41,19,23,10920,0.0009567076638664953,19.18976692435784,27,44,71,0.38028169014084506,285.8854239764951,-154.51905545660898,-1.8501629014731813,339.0,65.0,382.0,349.0,283.75
34,19,30,8805,-0.0014313061378876432,35.50570269919938,14,28,42,0.3333333333333333,362.0835356919937,-223.75359929355594,-1.6182244077198253,58.0,401.0,266.0,411.0,284.0
350,8,33,10593,0.0006741923506484915,28.250991541671148,15,27,42,0.35714285714285715,393.1941117472747,-196.45073873226013,-2.0014896064257273,301.0,227.0,326.0,290.0,286.0
150,15,30,10914,0.0009515497104120413,23.93420235554174,15,25,40,0.375,388.7907813259938,-196.6789760778999,-1.9767785509113234,338.0,141.0,365.0,300.0,286.0
326,9,28,11849,0.0018446951710645832,19.817786261501684,17,26,43,0.3953488372093023,397.8821668453445,-189.01392438868453,-2.105041563113347,413.0,76.0,415.0,241.0,286.25
193,13,45,9578,-0.0004760841229486008,31.067979206269076,11,20,31,0.3548387096774194,412.0814904258775,-247.7761978796063,-1.663119758686856,140.0,287.0,320.0,401.0,287.0
177,14,32,10666,0.0006044726204044789,24.886543702209543,14,23,37,0.3783783783783784,392.8412999221518,-210.15414903690962,-1.8693007096098617,284.0,156.0,374.0,340.0,288.5
338,8,45,10410,0.0005218260868402705,29.21207857141401,11,20,31,0.3548387096774194,525.4875495018586,-268.50368569217665,-1.9570962243859047,274.0,252.0,320.0,310.0,289.0
347,8,36,10121,0.00017827954782703503,29.196140125282568,15,27,42,0.35714285714285715,375.8658262086768,-204.3227554319288,-1.8395690945637158,224.0,251.0,326.0,356.0,289.25
4,20,31,8451,-0.0019068160269747746,36.7949585692536,14,27,41,0.34146341463414637,356.98165916029114,-242.50640101332206,-1.4720504599822106,27.0,422.0,274.0,435.0,289.5
104,16,47,10479,0.0004622767258863636,25.074573011174994,11,18,29,0.3793103448275862,430.7480365468809,-236.59449421591592,-1.820617330823348,256.0,161.0,378.0,364.0,289.75
361,8,22,10584,0.00033993129966007277,20.608729270085785,21,31,52,0.40384615384615385,297.75892006609695,-182.84037491343256,-1.6285184287500702,240.0,84.0,426.0,409.0,289.75
195,13,43,9120,-0.0010091141195438479,34.12631342899066,11,21,32,0.34375,403.22927433717564,-253.16581757108966,-1.5927477026946883,92.0,366.0,291.0,415.0,291.0
46,18,47,9553,-0.0005740161582699965,30.100835871555528,11,19,30,0.36666666666666664,398.7864986134707,-254.43432441681426,-1.5673455204109126,125.0,268.0,348.0,423.0,291.0
103,16,48,10564,0.0005501019004020166,27.20638798579993,10,17,27,0.37037037037037035,495.7268006337414,-258.39551742756106,-1.9184806515566357,281.0,205.0,355.0,324.0,291.25
279,10,46,8918,-0.0012086846091888751,36.32466228625936,10,20,30,0.3333333333333333,471.98099503916876,-290.11372943990204,-1.6268826571923445,77.0,416.0,266.0,410.0,292.25
54,18,39,8268,-0.002115141155393955,38.052119058965395,12,23,35,0.34285714285714286,363.1848203929335,-264.8249689172264,-1.3714145681876788,11.0,436.0,286.0,437.0,292.5
75,17,47,10486,0.00046926034194903993,25.652329996436418,11,18,29,0.3793103448275862,428.8956601388934,-235.0883095715704,-1.824402331704717,258.0,174.0,378.0,362.0,293.0
9,20,26,9794,-0.00022721916995711893,27.799641747982193,22,36,58,0.3793103448275862,264.17003489942584,-167.1836841464421,-1.580118516039101,169.0,217.0,378.0,418.0,295.5
251,11,45,9976,-0.0001228543226119312,30.3042122921979,11,19,30,0.36666666666666664,450.64430654746354,-262.1695034808351,-1.7189043750865027,180.0,270.0,348.0,385.0,295.75
183,14,26,11541,0.0015581645860660658,19.36234218345136,18,27,45,0.4,343.60614390152097,-171.983727157439,-1.997899159302285,400.0,67.0,425.0,293.0,296.25
155,15,25,11764,0.0017664543478264595,18.579945056991196,20,29,49,0.40816326530612246,337.75649966923874,-172.08567096238986,-1.962722972693392,404.0,46.0,430.0,306.0,296.5
153,15,27,10779,0.0008155732041200299,22.269046289772024,17,27,44,0.38636363636363635,352.7307315754414,-193.23066959873654,-1.8254386444342567,319.0,110.0,397.0,360.0,296.5
309,9,45,9917,-6.208917009164991e-06,32.14811591677286,11,20,31,0.3548387096774194,497.03736939454683,-277.53790800235026,-1.790881011434077,195.0,311.0,320.0,369.0,298.75
98,17,24,11448,0.0014700090372066132,18.722824505006802,23,35,58,0.39655172413793105,313.84599454204937,-164.86666556538188,-1.9036352404275814,396.0,52.0,418.0,330.0,299.0
81,17,41,8458,-0.0018682952019967295,37.271546103259325,13,24,37,0.35135135135135137,342.5929663810633,-249.85705156881787,-1.3711558838542657,29.0,425.0,308.0,438.0,300.0
99,17,23,12954,0.0028133558709450062,18.72293253295682,26,36,62,0.41935483870967744,345.1074729484815,-167.1854155332221,-2.064219967081421,443.0,56.0,440.0,262.0,300.25
182,14,27,11305,0.0013334187126180386,22.145607128343094,16,25,41,0.3902439024390244,389.62675843028046,-197.15456445713096,-1.9762502557479484,386.0,108.0,407.0,301.0,300.5
185,14,24,12261,0.002216298478139707,17.940421365538025,21,29,50,0.42,360.1773229372965,-182.82672777394697,-1.970047417698312,428.0,36.0,442.0,304.0,302.5
168,14,41,9142,-0.0009821115212698566,34.63340064479217,12,22,34,0.35294117647058826,391.7034404435355,-252.66906362091322,-1.5502627620103884,94.0,376.0,313.0,427.0,302.5
53,18,40,8319,-0.0020776389561995845,39.099792372980026,12,22,34,0.35294117647058826,361.59266739468353,-273.6728359298312,-1.3212588898936053,15.0,447.0,313.0,440.0,303.75
13,20,22,10460,0.0004891305986655531,21.798651974423045,40,59,99,0.40404040404040403,193.36020351326883,-123.29032853782275,-1.5683322918062481,265.0,102.0,427.0,422.0,304.0
413,6,28,8802,-0.0013876021527898935,35.14456289314976,18,32,50,0.36,327.8027627129971,-221.84120716450562,-1.4776459563254902,63.0,390.0,331.0,432.0,304.0
61,18,32,8229,-0.002166733136500501,37.82672084761308,14,25,39,0.358974358974359,329.5677509889397,-255.43408539950826,-1.2902262063948264,10.0,434.0,329.0,444.0,304.25
252,11,44,9225,-0.0009735607864665695,33.58523584942205,11,19,30,0.36666666666666664,435.57692211449046,-292.97205742605786,-1.486752443018987,95.0,346.0,348.0,431.0,305.0
202,13,36,10478,0.0004112308196383856,23.89741901673925,16,24,40,0.4,336.48034041866345,-204.39182959242385,-1.646251423501792,250.0,140.0,425.0,406.0,305.25
351,8,32,10422,0.0004972882203221905,28.617258129852456,16,27,43,0.37209302325581395,359.02968163805457,-197.1019543300265,-1.8215429819477948,268.0,237.0,358.0,363.0,306.5
122,16,29,10363,0.00038822987719479713,25.81660512551789,16,25,41,0.3902439024390244,347.91319147006993,-208.1193751392749,-1.6717001539969263,246.0,177.0,407.0,397.0,306.75
42,19,22,10373,0.00020953551446834158,23.32874560492434,35,49,84,0.4166666666666667,215.3307343724196,-146.18233010581505,-1.4730284721590565,229.0,132.0,435.0,434.0,307.5
73,17,49,10750,0.0007400337949213588,26.978949363052322,10,16,26,0.38461538461538464,469.14467808455055,-246.29239084338133,-1.9048281454333773,310.0,197.0,395.0,329.0,307.75
66,18,27,10043,4.7299795388030445e-05,26.665464422974555,20,31,51,0.39215686274509803,309.8912039742567,-198.52301448216778,-1.5609837719953246,207.0,190.0,410.0,424.0,307.75
219,12,48,9957,-0.00014415175722946945,28.502555046144295,12,19,31,0.3870967741935484,411.93678770958445,-262.4685191607898,-1.5694712227839769,178.0,232.0,401.0,421.0,308.0
345,8,38,10123,0.00018106016422219794,31.017401485858343,15,26,41,0.36585365853658536,404.66477495215224,-228.69650407171184,-1.769440143366872,225.0,285.0,344.0,380.0,308.5
70,18,23,11138,0.0009829497920136405,18.722824505006827,28,39,67,0.417910447761194,257.10357020424476,-155.39068438559346,-1.6545623131838223,345.0,55.0,436.0,403.0,309.75
360,8,23,11156,0.0009116211153952522,19.792522715689692,21,29,50,0.42,317.5252061142726,-190.05262716837893,-1.6707225300966668,332.0,73.0,442.0,398.0,311.25
68,18,25,11456,0.0012531049138680874,17.98228056898247,23,31,54,0.42592592592592593,303.7282280268373,-178.37148403422995,-1.7027846669064606,379.0,39.0,444.0,388.0,312.5
38,19,26,10828,0.0006761627372645342,24.991481270052777,22,34,56,0.39285714285714285,292.26820561038403,-164.74188996786992,-1.7740976849748775,302.0,159.0,413.0,377.0,312.75
36,19,28,8370,-0.0019341736815771792,38.507298545956395,18,31,49,0.3673469387755102,282.4206972583337,-216.5703044079242,-1.3040601204788262,23.0,440.0,349.0,443.0,313.75
348,8,35,10537,0.0006158636528688905,28.896346983601727,15,25,40,0.375,397.6324607755017,-217.09765939379758,-1.8315833615425057,287.0,246.0,365.0,358.0,314.0
124,16,27,10689,0.0007251561437170817,23.43408330019006,18,27,45,0.4,339.19084970927673,-200.57534654162228,-1.6910894362527737,307.0,133.0,425.0,393.0,314.5
250,11,46,9545,-0.0006037206353552406,34.18986062913952,11,19,30,0.36666666666666664,436.6892514306153,-276.8118190885218,-1.5775672182948453,123.0,368.0,348.0,420.0,314.75
11,20,24,11423,0.0014469148410297605,22.574966782940113,27,41,68,0.39705882352941174,273.08781516491814,-145.1108304897561,-1.8819257959122244,392.0,115.0,419.0,337.0,315.75
209,13,29,11457,0.0014789172998521454,23.01606821090926,17,25,42,0.40476190476190477,355.78318664836064,-183.63213282840584,-1.9374778322747062,397.0,122.0,429.0,321.0,317.25
277,10,48,10824,0.0008978827231997035,27.124168538285602,12,19,31,0.3870967741935484,443.22335643355353,-236.52912998328884,-1.8738637243745324,329.0,203.0,401.0,339.0,318.0
194,13,44,9112,-0.0010183065209697598,33.374118076020885,12,19,31,0.3870967741935484,359.7140063158752,-273.95983934055573,-1.3130172918108616,91.0,340.0,401.0,441.0,318.25
102,16,49,10630,0.0006175814496399288,26.923948917313304,11,17,28,0.39285714285714285,449.9930236354708,-254.09347662675748,-1.770974326493528,288.0,194.0,413.0,379.0,318.5
69,18,24,11500,0.0012953624234903933,17.982385148145525,25,32,57,0.43859649122807015,287.67180808890566,-177.84178066439665,-1.6175715684705614,383.0,40.0,446.0,412.0,320.25
63,18,30,8785,-0.0014152017329304603,35.387992805909356,16,26,42,0.38095238095238093,339.91864012015407,-255.93709996950776,-1.328133514682521,61.0,397.0,384.0,439.0,320.25
152,15,28,10869,0.0009059400422643557,22.69781155899329,17,24,41,0.4146341463414634,341.2939844271034,-205.53392938308048,-1.660523814493855,330.0,116.0,433.0,402.0,320.25
39,19,25,12047,0.001835054956480997,18.188177555997587,25,31,56,0.44642857142857145,288.84603153324906,-166.90799557171593,-1.7305703692855121,411.0,41.0,449.0,383.0,321.0
346,8,37,9851,-0.0001165726594650646,30.82819431449109,15,24,39,0.38461538461538464,369.33645963096535,-237.06821856422883,-1.5579332475175331,181.0,282.0,395.0,426.0,321.0
65,18,28,9977,-2.5194345319868593e-05,28.585073407390485,19,28,47,0.40425531914893614,296.03173589137396,-201.70553348357763,-1.4676431071509306,192.0,235.0,428.0,436.0,322.75
109,16,42,8604,-0.0016819203725329638,36.48587213813175,13,21,34,0.38235294117647056,349.2940052741443,-282.73439013236185,-1.2354139342957984,42.0,420.0,385.0,446.0,323.25
349,8,34,10429,0.0005039642426408377,28.57111601095367,16,25,41,0.3902439024390244,365.42102130321575,-216.70442645156444,-1.6862646845143743,269.0,234.0,407.0,395.0,326.25
8,20,27,8652,-0.0015744085643787363,36.44866332720388,20,32,52,0.38461538461538464,278.6105651539522,-216.2703928109887,-1.2882510709519366,48.0,419.0,395.0,445.0,326.75
6,20,29,8155,-0.0022173465192189047,38.57085603532162,20,30,50,0.4,246.27277150730765,-225.69327064211944,-1.0911834934494835,8.0,441.0,425.0,450.0,331.0
249,11,47,10247,0.0001692540692344005,29.54521267845803,12,18,30,0.4,414.64089578075965,-262.6721084913022,-1.578549386770882,222.0,258.0,425.0,419.0,331.0
126,16,25,12707,0.0023801809966331397,18.722824505006813,25,28,53,0.4716981132075472,316.87914903050574,-186.21658816728998,-1.7016698251706417,434.0,53.0,450.0,390.0,331.75
7,20,28,8775,-0.0014210456480649324,37.72471513881574,20,32,52,0.38461538461538464,272.0195175461508,-208.30931868593922,-1.3058442092850644,60.0,432.0,395.0,442.0,332.25
5,20,30,8925,-0.0012368598157726613,35.05224134231992,19,27,46,0.41304347826086957,283.0753307124042,-239.03657890260297,-1.1842343628409486,72.0,388.0,432.0,447.0,334.75
180,14,29,10962,0.0009986654052817662,23.561878208791498,18,24,42,0.42857142857142855,314.5139291739307,-195.789523673706,-1.606387937784074,348.0,135.0,445.0,413.0,335.25
64,18,29,8907,-0.0012649391789092317,35.030809185486326,18,25,43,0.4186046511627907,298.94737370281786,-258.9775935237397,-1.1543368275040145,70.0,387.0,438.0,448.0,335.75
37,19,27,10517,0.0005481367158021504,26.829616910273323,22,30,52,0.4230769230769231,276.3197525616675,-185.39390372913505,-1.4904468108367646,280.0,192.0,443.0,430.0,336.25
151,15,29,11070,0.0011055505168943685,22.405419343989752,18,23,41,0.43902439024390244,328.7656279405315,-210.74566796853722,-1.5600113212747688,366.0,112.0,447.0,425.0,337.5
10,20,25,11690,0.0016981055855506502,21.898462583014847,27,34,61,0.4426229508196721,268.85344165742674,-163.76889391840174,-1.6416636592256868,402.0,105.0,448.0,407.0,340.5
35,19,29,8635,-0.0015964397101333398,38.09755634934372,20,28,48,0.4166666666666667,264.39915683260637,-237.64079248442997,-1.1126000467698727,46.0,438.0,435.0,449.0,342.0
276,10,49,11001,0.0010735689685702368,26.955317326101774,13,18,31,0.41935483870967744,435.38657797544033,-258.8342892953017,-1.6821054859493973,361.0,196.0,440.0,396.0,348.25
450,,,,,,,,,,,,,,,,,
